{"cameraMode":{"drawMode":0,"name":"Shaded","section":"Shading Mode"},"sceneLighting":true,"audioPlay":false,"sceneViewState":{"showFog":true,"showMaterialUpdate":false,"showSkybox":true,"showFlares":true,"showImageEffects":true,"showParticleSystems":true},"in2DMode":false,"pivot":{"x":3.1870298385620119,"y":0.5077478885650635,"z":2.4863204956054689},"rotation":{"x":-0.05555862933397293,"y":0.9155682325363159,"z":-0.13585621118545533,"w":-0.3744228482246399},"size":12.461819648742676,"orthographic":false}