{"cameraMode":{"drawMode":0,"name":"Shaded","section":"Shading Mode"},"sceneLighting":false,"audioPlay":false,"sceneViewState":{"showFog":true,"showMaterialUpdate":false,"showSkybox":true,"showFlares":true,"showImageEffects":true,"showParticleSystems":true},"in2DMode":false,"pivot":{"x":-3.4441845417022707,"y":-6.165975570678711,"z":59.468997955322269},"rotation":{"x":-0.4863673448562622,"y":0.03981352970004082,"z":-0.02218245528638363,"w":-0.8725761771202087},"size":25.848316192626954,"orthographic":false}