{"cameraMode":{"drawMode":0,"name":"Shaded","section":"Shading Mode"},"sceneLighting":false,"audioPlay":false,"sceneViewState":{"showFog":true,"showMaterialUpdate":false,"showSkybox":true,"showFlares":true,"showImageEffects":true,"showParticleSystems":true},"in2DMode":false,"pivot":{"x":-0.8637226819992065,"y":-12.89724349975586,"z":-36.882171630859378},"rotation":{"x":-0.008711694739758969,"y":-0.9173468351364136,"z":0.39750537276268008,"w":-0.020078852772712709},"size":20.155946731567384,"orthographic":false}