{"cameraMode":{"drawMode":0,"name":"Shaded","section":"Shading Mode"},"sceneLighting":false,"audioPlay":false,"sceneViewState":{"showFog":true,"showMaterialUpdate":false,"showSkybox":true,"showFlares":true,"showImageEffects":true,"showParticleSystems":true},"in2DMode":false,"pivot":{"x":61.608154296875,"y":-196.56532287597657,"z":78.0802230834961},"rotation":{"x":-0.3452293574810028,"y":-0.44109246134757998,"z":0.18877056241035462,"w":-0.8066232204437256},"size":117.02507781982422,"orthographic":false}