{"cameraMode":{"drawMode":0,"name":"Shaded","section":"Shading Mode"},"sceneLighting":false,"audioPlay":false,"sceneViewState":{"showFog":true,"showMaterialUpdate":false,"showSkybox":true,"showFlares":true,"showImageEffects":true,"showParticleSystems":true},"in2DMode":false,"pivot":{"x":2.332547426223755,"y":3.508714437484741,"z":-42.3779182434082},"rotation":{"x":-0.15339559316635133,"y":0.15698671340942384,"z":-0.024693839251995088,"w":-0.9753137826919556},"size":2.9660251140594484,"orthographic":false}