{"cameraMode":{"drawMode":0,"name":"Shaded","section":"Shading Mode"},"sceneLighting":true,"audioPlay":false,"sceneViewState":{"showFog":true,"showMaterialUpdate":false,"showSkybox":true,"showFlares":true,"showImageEffects":true,"showParticleSystems":true},"in2DMode":false,"pivot":{"x":1.0971170663833619,"y":1.0948123931884766,"z":5.183895111083984},"rotation":{"x":-0.24957305192947389,"y":-0.022659562528133394,"z":0.005841800477355719,"w":-0.9680737853050232},"size":37.653160095214847,"orthographic":false}