{"cameraMode":{"drawMode":0,"name":"Shaded","section":"Shading Mode"},"sceneLighting":true,"audioPlay":false,"sceneViewState":{"showFog":true,"showMaterialUpdate":false,"showSkybox":true,"showFlares":true,"showImageEffects":true,"showParticleSystems":true},"in2DMode":false,"pivot":{"x":2.2493319511413576,"y":0.8698763847351074,"z":0.7822182178497315},"rotation":{"x":-0.2682371735572815,"y":0.24152761697769166,"z":-0.06966287642717362,"w":-0.9299845695495606},"size":8.423357963562012,"orthographic":false}