{"cameraMode":{"drawMode":0,"name":"Shaded","section":"Shading Mode"},"sceneLighting":true,"audioPlay":false,"sceneViewState":{"showFog":true,"showMaterialUpdate":false,"showSkybox":true,"showFlares":true,"showImageEffects":true,"showParticleSystems":true},"in2DMode":false,"pivot":{"x":-5.314859390258789,"y":-4.390599250793457,"z":-33.716026306152347},"rotation":{"x":0.2648838460445404,"y":-0.3484819531440735,"z":0.10335037112236023,"w":0.8931499123573303},"size":14.153282165527344,"orthographic":false}