{"cameraMode":{"drawMode":0,"name":"Shaded","section":"Shading Mode"},"sceneLighting":true,"audioPlay":false,"sceneViewState":{"showFog":true,"showMaterialUpdate":false,"showSkybox":true,"showFlares":true,"showImageEffects":true,"showParticleSystems":true},"in2DMode":false,"pivot":{"x":12.306568145751954,"y":2.9795289039611818,"z":74.48571014404297},"rotation":{"x":0.11610022932291031,"y":-0.5605147480964661,"z":0.07973430305719376,"w":0.8161088824272156},"size":2.347684383392334,"orthographic":false}