{"cameraMode":{"drawMode":0,"name":"Shaded","section":"Shading Mode"},"sceneLighting":false,"audioPlay":false,"sceneViewState":{"showFog":true,"showMaterialUpdate":false,"showSkybox":false,"showFlares":true,"showImageEffects":true,"showParticleSystems":true},"in2DMode":false,"pivot":{"x":0.10133612155914307,"y":0.08426344394683838,"z":-0.04519611597061157},"rotation":{"x":0.2601710557937622,"y":0.4430939257144928,"z":-0.13793018460273744,"w":0.8470720648765564},"size":0.8660253882408142,"orthographic":false}