{"cameraMode":{"drawMode":0,"name":"Shaded","section":"Shading Mode"},"sceneLighting":true,"audioPlay":false,"sceneViewState":{"showFog":true,"showMaterialUpdate":false,"showSkybox":true,"showFlares":true,"showImageEffects":true,"showParticleSystems":true},"in2DMode":false,"pivot":{"x":28.332693099975587,"y":-17.566322326660158,"z":-30.673526763916017},"rotation":{"x":0.28183498978614809,"y":0.4395366311073303,"z":-0.1489049792289734,"w":0.8401250243186951},"size":16.95981788635254,"orthographic":false}