{"cameraMode":{"drawMode":0,"name":"Shaded","section":"Shading Mode"},"sceneLighting":true,"audioPlay":false,"sceneViewState":{"showFog":true,"showMaterialUpdate":false,"showSkybox":true,"showFlares":true,"showImageEffects":true,"showParticleSystems":true},"in2DMode":false,"pivot":{"x":5.3550872802734379,"y":-3.249696731567383,"z":7.572701454162598},"rotation":{"x":0.2505425810813904,"y":-0.6616149544715881,"z":0.25012755393981936,"w":0.6612603664398193},"size":25.809574127197267,"orthographic":false}