{"cameraMode":{"drawMode":0,"name":"Shaded","section":"Shading Mode"},"sceneLighting":false,"audioPlay":false,"sceneViewState":{"showFog":true,"showMaterialUpdate":false,"showSkybox":false,"showFlares":true,"showImageEffects":true,"showParticleSystems":true},"in2DMode":false,"pivot":{"x":3.569000005722046,"y":0.8411564826965332,"z":0.8312762975692749},"rotation":{"x":-0.05530211701989174,"y":0.13051800429821015,"z":-0.007291832007467747,"w":-0.989875853061676},"size":1.2272075414657593,"orthographic":false}